algorithm,iqr_us,kind,max_us,mean_us,median_us,min_us,n,operation,p95_us,p99_us,payload,public_key_bytes,secret_key_bytes,signature_bytes,signature_bytes_max,stdev_us,target_n,total_wall_s,truncated,warmup
ECDSA-P256,0.1042500000000004,latency,19.148,9.185604999999999,8.978,8.793,1000,keygen,9.8182,14.15763,,,,,,0.9507386501851894,1000,0.009318538002844434,False,50
ECDSA-P256,0.16100000000000136,latency,43.137,16.327206,15.989,15.715,1000,sign_digest,17.7377,23.65518,,,,,,1.7675441850233928,1000,0.01644754199878662,False,50
ECDSA-P256,2.245999999999995,latency,94.933,48.455734,46.998000000000005,45.277,1000,verify_digest,54.9652,66.90238,,,,,,4.574620933359171,1000,0.04863115300031495,False,50
SHA-256,0.05600000000000005,latency,22.463,5.367597,5.25,5.181,1000,hash,5.440000000000001,8.0436,10KB,,,,,0.9387920062623147,1000,0.0054623539981548674,False,50
ECDSA-P256,0.24924999999999997,latency,70.28,21.829265,21.191499999999998,20.48,1000,sign_e2e,25.090799999999998,33.149080000000005,10KB,,,,,3.1535333902812286,1000,0.021961125999951037,False,50
ECDSA-P256,2.1425000000000054,latency,186.032,55.493233000000004,53.289,52.504,1000,verify_e2e,62.78040000000001,82.97585,10KB,,,,,8.002804974643151,1000,0.05567181799779064,False,50
SHA-256,0.5640000000000072,latency,103.65,44.176369,43.43,42.339,1000,hash,48.8013,55.46429,100KB,,,,,3.267698950526237,1000,0.04432847300267895,False,50
ECDSA-P256,0.7960000000000136,latency,127.621,59.425938,58.281499999999994,56.81,1000,sign_e2e,67.50439999999999,73.29558999999999,100KB,,,,,4.082798994781373,1000,0.059577427000476746,False,50
ECDSA-P256,4.052750000000003,latency,322.042,94.44139100000001,91.313,88.484,1000,verify_e2e,107.12215,135.63517,100KB,,,,,11.03231854891272,1000,0.09465130000171484,False,50
SHA-256,11.242750000000058,latency,766.303,435.649786,431.721,407.326,1000,hash,462.8357,516.16788,1MB,,,,,25.377973243428013,1000,0.43613215099685476,False,50
ECDSA-P256,20.991750000000025,latency,1646.586,461.89932400000004,451.093,421.306,1000,sign_e2e,522.8490999999999,633.78839,1MB,,,,,56.14987806440608,1000,0.46238742000059574,False,50
ECDSA-P256,21.013000000000034,latency,1507.212,496.870179,487.443,460.962,1000,verify_e2e,552.30655,634.7208099999999,1MB,,,,,45.73007574558188,1000,0.4974008729986963,False,50
SHA-256,141.2757499999998,latency,7403.215,4335.487414,4301.0915,4159.868,1000,hash,4551.73735,4809.15788,10MB,,,,,186.14755927075453,1000,4.33694000000105,False,50
ECDSA-P256,219.31725000000006,latency,11402.203,4433.414746,4378.380499999999,4147.0,1000,sign_e2e,4773.1175,5249.4143300000005,10MB,,,,,338.5445560455486,1000,4.434606229002384,False,50
ECDSA-P256,208.33950000000095,latency,6510.807,4465.7830300000005,4448.237999999999,4113.147,1000,verify_e2e,4790.34415,5251.341949999999,10MB,,,,,223.86686679193136,1000,4.467276425999444,False,50
ECDSA-P256,,size,,,,,,size,,,,65,32,71,71,,,,,
ML-DSA-65,1.7852500000000013,latency,92.533,30.658352999999998,29.197,28.652,1000,keygen,36.830349999999996,42.13996,,,,,,4.156502629675759,1000,0.030806886999926064,False,50
ML-DSA-65,49.363249999999994,latency,453.8,77.35997900000001,63.064,33.911,1000,sign_digest,158.85085000000004,228.83947,,,,,,44.50034893915176,1000,0.07756581300054677,False,50
ML-DSA-65,2.0289999999999964,latency,92.326,29.203469000000002,27.511499999999998,27.102,1000,verify_digest,35.781150000000004,52.05534000000001,,,,,,4.992254858238771,1000,0.029338057996938005,False,50
ML-DSA-65,51.88775,latency,381.925,85.204072,70.45750000000001,39.939,1000,sign_e2e,176.3831,255.25030999999998,10KB,,,,,47.42120797874068,1000,0.08540583300055005,False,50
ML-DSA-65,3.1927499999999966,latency,94.977,36.916443,34.662,33.318,1000,verify_e2e,46.03585,68.62728000000001,10KB,,,,,6.117832865297868,1000,0.03707726100037689,False,50
ML-DSA-65,53.313500000000005,latency,550.245,128.063834,111.7055,77.367,1000,sign_e2e,229.09855,311.10312,100KB,,,,,53.357296452136,1000,0.12834405099783908,False,50
ML-DSA-65,5.765249999999995,latency,310.951,77.207805,73.8715,71.85,1000,verify_e2e,87.11280000000001,118.31669000000002,100KB,,,,,12.754245993858158,1000,0.07739887600109796,False,50
ML-DSA-65,66.49300000000011,latency,1003.066,531.445293,512.9435,452.323,1000,sign_e2e,653.5742,747.97894,1MB,,,,,64.08628498649708,1000,0.5319706789996417,False,50
ML-DSA-65,19.32325000000003,latency,1035.914,482.597927,475.703,443.183,1000,verify_e2e,534.5912000000001,608.30101,1MB,,,,,35.954015975359795,1000,0.48308766500122147,False,50
ML-DSA-65,133.86674999999923,latency,7026.714,4570.460303000001,4545.629,4315.137,1000,sign_e2e,4770.99035,5072.23229,10MB,,,,,168.8237913223004,1000,4.571988223000517,False,50
ML-DSA-65,133.90850000000046,latency,8408.619,4383.020171,4361.692,4165.971,1000,verify_e2e,4571.797149999999,4932.2812699999995,10MB,,,,,190.11964071415937,1000,4.384113455998886,False,50
ML-DSA-65,,size,,,,,,size,,,,1952,4032,3309,3309,,,,,
Falcon-512,1128.513499999999,latency,10060.236,3978.373353,3653.235,2845.886,1000,keygen,5953.06915,8130.53269,,,,,,1067.53814530574,1000,3.979180638001708,False,50
Falcon-512,7.21074999999999,latency,270.413,135.223698,132.726,122.947,1000,sign_digest,150.03685,186.71934000000002,,,,,,12.029235317804998,1000,0.13542489999963436,False,50
Falcon-512,0.5752500000000005,latency,50.76,25.179402,24.491,24.076,1000,verify_digest,28.496149999999997,34.16843,,,,,,2.380260946738943,1000,0.025295824998465832,False,50
Falcon-512,6.731999999999971,latency,2033.764,143.15013399999998,137.812,128.475,1000,sign_e2e,155.71550000000002,210.40319,10KB,,,,,62.00551538823465,1000,0.14334439400045085,False,50
Falcon-512,0.9619999999999997,latency,111.067,31.335593,30.477,29.492,1000,verify_e2e,36.1809,44.330380000000005,10KB,,,,,4.140611356279982,1000,0.0314596980024362,False,50
Falcon-512,7.775750000000016,latency,1213.083,180.19742000000002,173.4675,164.344,1000,sign_e2e,201.91545,305.95067,100KB,,,,,48.24662912994028,1000,0.18040714000017033,False,50
Falcon-512,12.546749999999989,latency,825.012,79.587523,71.59299999999999,67.326,1000,verify_e2e,109.5081,149.14971000000003,100KB,,,,,30.22649498500528,1000,0.07992050699976971,False,50
Falcon-512,23.774999999999977,latency,1438.23,584.726748,574.2170000000001,538.425,1000,sign_e2e,656.2420500000001,800.82033,1MB,,,,,50.87341530887901,1000,0.5851542870004778,False,50
Falcon-512,14.23599999999999,latency,810.532,461.63755699999996,455.57,438.489,1000,verify_e2e,491.2002,585.3812599999999,1MB,,,,,27.452634132183867,1000,0.46199623799839173,False,50
Falcon-512,218.63574999999946,latency,7239.072,4541.000372,4513.2555,4253.544,1000,sign_e2e,4776.4166,5061.61085,10MB,,,,,184.94145730283114,1000,4.542141417001403,False,50
Falcon-512,173.05449999999928,latency,7131.067,4444.907664,4442.92,4136.302,1000,verify_e2e,4636.656800000001,4925.173530000001,10MB,,,,,170.98214264954143,1000,4.446391141998902,False,50
Falcon-512,,size,,,,,,size,,,,897,1281,655,752,,,,,
SPHINCS+-SHA2-128s-simple,636.7759999999998,latency,17273.209,14144.513262,13981.4705,13043.83,1000,keygen,15440.722450000001,15964.915260000002,,,,,,606.2354522020681,1000,14.146186112000578,False,50
SPHINCS+-SHA2-128s-simple,4442.361000000004,latency,135849.602,108578.93544919786,107812.052,102594.401,561,sign_digest,115574.07,120734.5366,,,,,,3761.2704682181898,1000,60.913864788002684,True,50
SPHINCS+-SHA2-128s-simple,7.405000000000001,latency,425.416,157.05271,153.49149999999997,145.905,1000,verify_digest,178.41235,204.9153,,,,,,14.220011239712772,1000,0.15726879500289215,False,50
SPHINCS+-SHA2-128s-simple,8744.948999999993,latency,136367.317,112413.93735963303,110866.843,102748.913,545,sign_e2e,120659.51719999999,123209.35268,10KB,,,,,5034.26825318934,1000,61.266693913999916,True,50
SPHINCS+-SHA2-128s-simple,12.290999999999968,latency,402.204,166.420548,159.044,148.324,1000,verify_e2e,197.5264,304.58306999999996,10KB,,,,,26.506277813401436,1000,0.16672451999693294,False,50
SPHINCS+-SHA2-128s-simple,7451.692999999999,latency,179716.981,112413.29963853212,111528.019,102361.312,545,sign_e2e,122590.29419999997,131628.64432,100KB,,,,,6488.613663138896,1000,61.26638143699893,True,50
SPHINCS+-SHA2-128s-simple,13.811750000000018,latency,303.334,194.48381799999999,190.84199999999998,180.977,1000,verify_e2e,214.23025,236.47714,100KB,,,,,11.903048653942994,1000,0.1947281060020032,False,50
SPHINCS+-SHA2-128s-simple,5746.959000000003,latency,134677.229,111535.33909357799,110550.592,104038.332,545,sign_e2e,120795.7878,125380.58276,1MB,,,,,4729.077523983857,1000,60.787901343002886,True,50
SPHINCS+-SHA2-128s-simple,29.860749999999825,latency,863.826,607.753971,600.152,559.955,1000,verify_e2e,672.3039,740.1769499999999,1MB,,,,,33.31028749841986,1000,0.6083602319995407,False,50
SPHINCS+-SHA2-128s-simple,4527.880999999994,latency,140570.162,115643.37156521739,114837.408,106508.329,529,sign_e2e,123377.6402,128694.37992,10MB,,,,,4279.225430919114,1000,61.17650274800326,True,50
SPHINCS+-SHA2-128s-simple,176.3720000000012,latency,6766.541,4648.00957,4628.470499999999,4341.622,1000,verify_e2e,4937.1025,5253.97301,10MB,,,,,178.01108059863856,1000,4.649322130000655,False,50
SPHINCS+-SHA2-128s-simple,,size,,,,,,size,,,,32,64,7856,7856,,,,,
