algorithm,iqr_us,median_us,min_us,n,operation,p95_us,payload,table,truncated,value
ECDSA-P256,0.104,8.978,8.793,1000,keygen,9.818,,latency,False,
ECDSA-P256,0.161,15.989,15.715,1000,sign_digest,17.738,,latency,False,
ECDSA-P256,2.246,46.998,45.277,1000,verify_digest,54.965,,latency,False,
SHA-256,0.056,5.25,5.181,1000,hash,5.44,10KB,latency,False,
ECDSA-P256,0.249,21.191,20.48,1000,sign_e2e,25.091,10KB,latency,False,
ECDSA-P256,2.143,53.289,52.504,1000,verify_e2e,62.78,10KB,latency,False,
SHA-256,0.564,43.43,42.339,1000,hash,48.801,100KB,latency,False,
ECDSA-P256,0.796,58.281,56.81,1000,sign_e2e,67.504,100KB,latency,False,
ECDSA-P256,4.053,91.313,88.484,1000,verify_e2e,107.122,100KB,latency,False,
SHA-256,11.243,431.721,407.326,1000,hash,462.836,1MB,latency,False,
ECDSA-P256,20.992,451.093,421.306,1000,sign_e2e,522.849,1MB,latency,False,
ECDSA-P256,21.013,487.443,460.962,1000,verify_e2e,552.307,1MB,latency,False,
SHA-256,141.276,4301.092,4159.868,1000,hash,4551.737,10MB,latency,False,
ECDSA-P256,219.317,4378.38,4147.0,1000,sign_e2e,4773.118,10MB,latency,False,
ECDSA-P256,208.34,4448.238,4113.147,1000,verify_e2e,4790.344,10MB,latency,False,
ECDSA-P256,,,,,raw_signature_bytes,,,size,,71
ML-DSA-65,1.785,29.197,28.652,1000,keygen,36.83,,latency,False,
ML-DSA-65,49.363,63.064,33.911,1000,sign_digest,158.851,,latency,False,
ML-DSA-65,2.029,27.511,27.102,1000,verify_digest,35.781,,latency,False,
ML-DSA-65,51.888,70.458,39.939,1000,sign_e2e,176.383,10KB,latency,False,
ML-DSA-65,3.193,34.662,33.318,1000,verify_e2e,46.036,10KB,latency,False,
ML-DSA-65,53.314,111.706,77.367,1000,sign_e2e,229.099,100KB,latency,False,
ML-DSA-65,5.765,73.871,71.85,1000,verify_e2e,87.113,100KB,latency,False,
ML-DSA-65,66.493,512.943,452.323,1000,sign_e2e,653.574,1MB,latency,False,
ML-DSA-65,19.323,475.703,443.183,1000,verify_e2e,534.591,1MB,latency,False,
ML-DSA-65,133.867,4545.629,4315.137,1000,sign_e2e,4770.99,10MB,latency,False,
ML-DSA-65,133.909,4361.692,4165.971,1000,verify_e2e,4571.797,10MB,latency,False,
ML-DSA-65,,,,,raw_signature_bytes,,,size,,3309
Falcon-512,1128.513,3653.235,2845.886,1000,keygen,5953.069,,latency,False,
Falcon-512,7.211,132.726,122.947,1000,sign_digest,150.037,,latency,False,
Falcon-512,0.575,24.491,24.076,1000,verify_digest,28.496,,latency,False,
Falcon-512,6.732,137.812,128.475,1000,sign_e2e,155.716,10KB,latency,False,
Falcon-512,0.962,30.477,29.492,1000,verify_e2e,36.181,10KB,latency,False,
Falcon-512,7.776,173.468,164.344,1000,sign_e2e,201.915,100KB,latency,False,
Falcon-512,12.547,71.593,67.326,1000,verify_e2e,109.508,100KB,latency,False,
Falcon-512,23.775,574.217,538.425,1000,sign_e2e,656.242,1MB,latency,False,
Falcon-512,14.236,455.57,438.489,1000,verify_e2e,491.2,1MB,latency,False,
Falcon-512,218.636,4513.256,4253.544,1000,sign_e2e,4776.417,10MB,latency,False,
Falcon-512,173.054,4442.92,4136.302,1000,verify_e2e,4636.657,10MB,latency,False,
Falcon-512,,,,,raw_signature_bytes,,,size,,655
SPHINCS+-SHA2-128s-simple,636.776,13981.47,13043.83,1000,keygen,15440.722,,latency,False,
SPHINCS+-SHA2-128s-simple,4442.361,107812.052,102594.401,561,sign_digest,115574.07,,latency,True,
SPHINCS+-SHA2-128s-simple,7.405,153.491,145.905,1000,verify_digest,178.412,,latency,False,
SPHINCS+-SHA2-128s-simple,8744.949,110866.843,102748.913,545,sign_e2e,120659.517,10KB,latency,True,
SPHINCS+-SHA2-128s-simple,12.291,159.044,148.324,1000,verify_e2e,197.526,10KB,latency,False,
SPHINCS+-SHA2-128s-simple,7451.693,111528.019,102361.312,545,sign_e2e,122590.294,100KB,latency,True,
SPHINCS+-SHA2-128s-simple,13.812,190.842,180.977,1000,verify_e2e,214.23,100KB,latency,False,
SPHINCS+-SHA2-128s-simple,5746.959,110550.592,104038.332,545,sign_e2e,120795.788,1MB,latency,True,
SPHINCS+-SHA2-128s-simple,29.861,600.152,559.955,1000,verify_e2e,672.304,1MB,latency,False,
SPHINCS+-SHA2-128s-simple,4527.881,114837.408,106508.329,529,sign_e2e,123377.64,10MB,latency,True,
SPHINCS+-SHA2-128s-simple,176.372,4628.47,4341.622,1000,verify_e2e,4937.102,10MB,latency,False,
SPHINCS+-SHA2-128s-simple,,,,,raw_signature_bytes,,,size,,7856
ML-DSA-65,,,,,concat/hybrid_cms_bytes,,,hybrid_size,,11584
ML-DSA-65,,,,,concat/classical_only_cms_bytes,,,hybrid_size,,798
ML-DSA-65,,,,,concat/pqc_attribute_total_bytes,,,hybrid_size,,10782
ML-DSA-65,,,,,concat/pqc_attribute_overhead_bytes,,,hybrid_size,,10786
ML-DSA-65,,,,,concat/pqc_signature_raw_bytes,,,hybrid_size,,3309
ML-DSA-65,,,,,concat/pqc_public_key_raw_bytes,,,hybrid_size,,1952
ML-DSA-65,,,,,concat/pqc_certificate_der_bytes,,,hybrid_size,,5461
ML-DSA-65,,,,,concat/ec_certificate_der_bytes,,,hybrid_size,,448
ML-DSA-65,,,,,concat/ec_signature_der_bytes,,,hybrid_size,,71
ML-DSA-65,,,,,concat/intact/hybrid_policy,,,verdict,,True
ML-DSA-65,,,,,concat/intact/classical_policy,,,verdict,,True
ML-DSA-65,,,,,concat/intact/openssl_legacy,,,verdict,,True
ML-DSA-65,,,,,concat/intact/openssl_oqs,,,verdict,,True
ML-DSA-65,,,,,concat/stripped/hybrid_policy,,,verdict,,False
ML-DSA-65,,,,,concat/stripped/classical_policy,,,verdict,,True
ML-DSA-65,,,,,concat/stripped/openssl_legacy,,,verdict,,True
ML-DSA-65,,,,,concat/stripped/openssl_oqs,,,verdict,,True
ML-DSA-65,,,,,bound-attr/hybrid_cms_bytes,,,hybrid_size,,11637
ML-DSA-65,,,,,bound-attr/classical_only_cms_bytes,,,hybrid_size,,847
ML-DSA-65,,,,,bound-attr/pqc_attribute_total_bytes,,,hybrid_size,,10786
ML-DSA-65,,,,,bound-attr/pqc_attribute_overhead_bytes,,,hybrid_size,,10790
ML-DSA-65,,,,,bound-attr/pqc_signature_raw_bytes,,,hybrid_size,,3309
ML-DSA-65,,,,,bound-attr/pqc_public_key_raw_bytes,,,hybrid_size,,1952
ML-DSA-65,,,,,bound-attr/pqc_certificate_der_bytes,,,hybrid_size,,5461
ML-DSA-65,,,,,bound-attr/ec_certificate_der_bytes,,,hybrid_size,,448
ML-DSA-65,,,,,bound-attr/ec_signature_der_bytes,,,hybrid_size,,70
ML-DSA-65,,,,,bound-attr/intact/hybrid_policy,,,verdict,,True
ML-DSA-65,,,,,bound-attr/intact/classical_policy,,,verdict,,True
ML-DSA-65,,,,,bound-attr/intact/openssl_legacy,,,verdict,,True
ML-DSA-65,,,,,bound-attr/intact/openssl_oqs,,,verdict,,True
ML-DSA-65,,,,,bound-attr/stripped/hybrid_policy,,,verdict,,False
ML-DSA-65,,,,,bound-attr/stripped/classical_policy,,,verdict,,True
ML-DSA-65,,,,,bound-attr/stripped/openssl_legacy,,,verdict,,True
ML-DSA-65,,,,,bound-attr/stripped/openssl_oqs,,,verdict,,True
ML-DSA-65,,,,,bound-digest/hybrid_cms_bytes,,,hybrid_size,,11640
ML-DSA-65,,,,,bound-digest/classical_only_cms_bytes,,,hybrid_size,,848
ML-DSA-65,,,,,bound-digest/pqc_attribute_total_bytes,,,hybrid_size,,10788
ML-DSA-65,,,,,bound-digest/pqc_attribute_overhead_bytes,,,hybrid_size,,10792
ML-DSA-65,,,,,bound-digest/pqc_signature_raw_bytes,,,hybrid_size,,3309
ML-DSA-65,,,,,bound-digest/pqc_public_key_raw_bytes,,,hybrid_size,,1952
ML-DSA-65,,,,,bound-digest/pqc_certificate_der_bytes,,,hybrid_size,,5461
ML-DSA-65,,,,,bound-digest/ec_certificate_der_bytes,,,hybrid_size,,448
ML-DSA-65,,,,,bound-digest/ec_signature_der_bytes,,,hybrid_size,,71
ML-DSA-65,,,,,bound-digest/intact/hybrid_policy,,,verdict,,True
ML-DSA-65,,,,,bound-digest/intact/classical_policy,,,verdict,,False
ML-DSA-65,,,,,bound-digest/intact/openssl_legacy,,,verdict,,False
ML-DSA-65,,,,,bound-digest/intact/openssl_oqs,,,verdict,,False
ML-DSA-65,,,,,bound-digest/stripped/hybrid_policy,,,verdict,,False
ML-DSA-65,,,,,bound-digest/stripped/classical_policy,,,verdict,,False
ML-DSA-65,,,,,bound-digest/stripped/openssl_legacy,,,verdict,,False
ML-DSA-65,,,,,bound-digest/stripped/openssl_oqs,,,verdict,,False
Falcon-512,,,,,concat/hybrid_cms_bytes,,,hybrid_size,,4153
Falcon-512,,,,,concat/classical_only_cms_bytes,,,hybrid_size,,799
Falcon-512,,,,,concat/pqc_attribute_total_bytes,,,hybrid_size,,3350
Falcon-512,,,,,concat/pqc_attribute_overhead_bytes,,,hybrid_size,,3354
Falcon-512,,,,,concat/pqc_signature_raw_bytes,,,hybrid_size,,654
Falcon-512,,,,,concat/pqc_public_key_raw_bytes,,,hybrid_size,,897
Falcon-512,,,,,concat/pqc_certificate_der_bytes,,,hybrid_size,,1743
Falcon-512,,,,,concat/ec_certificate_der_bytes,,,hybrid_size,,449
Falcon-512,,,,,concat/ec_signature_der_bytes,,,hybrid_size,,71
Falcon-512,,,,,concat/intact/hybrid_policy,,,verdict,,True
Falcon-512,,,,,concat/intact/classical_policy,,,verdict,,True
Falcon-512,,,,,concat/intact/openssl_legacy,,,verdict,,True
Falcon-512,,,,,concat/intact/openssl_oqs,,,verdict,,True
Falcon-512,,,,,concat/stripped/hybrid_policy,,,verdict,,False
Falcon-512,,,,,concat/stripped/classical_policy,,,verdict,,True
Falcon-512,,,,,concat/stripped/openssl_legacy,,,verdict,,True
Falcon-512,,,,,concat/stripped/openssl_oqs,,,verdict,,True
Falcon-512,,,,,bound-attr/hybrid_cms_bytes,,,hybrid_size,,4205
Falcon-512,,,,,bound-attr/classical_only_cms_bytes,,,hybrid_size,,848
Falcon-512,,,,,bound-attr/pqc_attribute_total_bytes,,,hybrid_size,,3353
Falcon-512,,,,,bound-attr/pqc_attribute_overhead_bytes,,,hybrid_size,,3357
Falcon-512,,,,,bound-attr/pqc_signature_raw_bytes,,,hybrid_size,,653
Falcon-512,,,,,bound-attr/pqc_public_key_raw_bytes,,,hybrid_size,,897
Falcon-512,,,,,bound-attr/pqc_certificate_der_bytes,,,hybrid_size,,1743
Falcon-512,,,,,bound-attr/ec_certificate_der_bytes,,,hybrid_size,,449
Falcon-512,,,,,bound-attr/ec_signature_der_bytes,,,hybrid_size,,70
Falcon-512,,,,,bound-attr/intact/hybrid_policy,,,verdict,,True
Falcon-512,,,,,bound-attr/intact/classical_policy,,,verdict,,True
Falcon-512,,,,,bound-attr/intact/openssl_legacy,,,verdict,,True
Falcon-512,,,,,bound-attr/intact/openssl_oqs,,,verdict,,True
Falcon-512,,,,,bound-attr/stripped/hybrid_policy,,,verdict,,False
Falcon-512,,,,,bound-attr/stripped/classical_policy,,,verdict,,True
Falcon-512,,,,,bound-attr/stripped/openssl_legacy,,,verdict,,True
Falcon-512,,,,,bound-attr/stripped/openssl_oqs,,,verdict,,True
Falcon-512,,,,,bound-digest/hybrid_cms_bytes,,,hybrid_size,,4211
Falcon-512,,,,,bound-digest/classical_only_cms_bytes,,,hybrid_size,,850
Falcon-512,,,,,bound-digest/pqc_attribute_total_bytes,,,hybrid_size,,3357
Falcon-512,,,,,bound-digest/pqc_attribute_overhead_bytes,,,hybrid_size,,3361
Falcon-512,,,,,bound-digest/pqc_signature_raw_bytes,,,hybrid_size,,655
Falcon-512,,,,,bound-digest/pqc_public_key_raw_bytes,,,hybrid_size,,897
Falcon-512,,,,,bound-digest/pqc_certificate_der_bytes,,,hybrid_size,,1743
Falcon-512,,,,,bound-digest/ec_certificate_der_bytes,,,hybrid_size,,449
Falcon-512,,,,,bound-digest/ec_signature_der_bytes,,,hybrid_size,,72
Falcon-512,,,,,bound-digest/intact/hybrid_policy,,,verdict,,True
Falcon-512,,,,,bound-digest/intact/classical_policy,,,verdict,,False
Falcon-512,,,,,bound-digest/intact/openssl_legacy,,,verdict,,False
Falcon-512,,,,,bound-digest/intact/openssl_oqs,,,verdict,,False
Falcon-512,,,,,bound-digest/stripped/hybrid_policy,,,verdict,,False
Falcon-512,,,,,bound-digest/stripped/classical_policy,,,verdict,,False
Falcon-512,,,,,bound-digest/stripped/openssl_legacy,,,verdict,,False
Falcon-512,,,,,bound-digest/stripped/openssl_oqs,,,verdict,,False
SPHINCS+-SHA2-128s-simple,,,,,concat/hybrid_cms_bytes,,,hybrid_size,,16864
SPHINCS+-SHA2-128s-simple,,,,,concat/classical_only_cms_bytes,,,hybrid_size,,799
SPHINCS+-SHA2-128s-simple,,,,,concat/pqc_attribute_total_bytes,,,hybrid_size,,16061
SPHINCS+-SHA2-128s-simple,,,,,concat/pqc_attribute_overhead_bytes,,,hybrid_size,,16065
SPHINCS+-SHA2-128s-simple,,,,,concat/pqc_signature_raw_bytes,,,hybrid_size,,7856
SPHINCS+-SHA2-128s-simple,,,,,concat/pqc_public_key_raw_bytes,,,hybrid_size,,32
SPHINCS+-SHA2-128s-simple,,,,,concat/pqc_certificate_der_bytes,,,hybrid_size,,8115
SPHINCS+-SHA2-128s-simple,,,,,concat/ec_certificate_der_bytes,,,hybrid_size,,448
SPHINCS+-SHA2-128s-simple,,,,,concat/ec_signature_der_bytes,,,hybrid_size,,72
SPHINCS+-SHA2-128s-simple,,,,,concat/intact/hybrid_policy,,,verdict,,True
SPHINCS+-SHA2-128s-simple,,,,,concat/intact/classical_policy,,,verdict,,True
SPHINCS+-SHA2-128s-simple,,,,,concat/intact/openssl_legacy,,,verdict,,True
SPHINCS+-SHA2-128s-simple,,,,,concat/intact/openssl_oqs,,,verdict,,True
SPHINCS+-SHA2-128s-simple,,,,,concat/stripped/hybrid_policy,,,verdict,,False
SPHINCS+-SHA2-128s-simple,,,,,concat/stripped/classical_policy,,,verdict,,True
SPHINCS+-SHA2-128s-simple,,,,,concat/stripped/openssl_legacy,,,verdict,,True
SPHINCS+-SHA2-128s-simple,,,,,concat/stripped/openssl_oqs,,,verdict,,True
SPHINCS+-SHA2-128s-simple,,,,,bound-attr/hybrid_cms_bytes,,,hybrid_size,,16918
SPHINCS+-SHA2-128s-simple,,,,,bound-attr/classical_only_cms_bytes,,,hybrid_size,,849
SPHINCS+-SHA2-128s-simple,,,,,bound-attr/pqc_attribute_total_bytes,,,hybrid_size,,16065
SPHINCS+-SHA2-128s-simple,,,,,bound-attr/pqc_attribute_overhead_bytes,,,hybrid_size,,16069
SPHINCS+-SHA2-128s-simple,,,,,bound-attr/pqc_signature_raw_bytes,,,hybrid_size,,7856
SPHINCS+-SHA2-128s-simple,,,,,bound-attr/pqc_public_key_raw_bytes,,,hybrid_size,,32
SPHINCS+-SHA2-128s-simple,,,,,bound-attr/pqc_certificate_der_bytes,,,hybrid_size,,8115
SPHINCS+-SHA2-128s-simple,,,,,bound-attr/ec_certificate_der_bytes,,,hybrid_size,,448
SPHINCS+-SHA2-128s-simple,,,,,bound-attr/ec_signature_der_bytes,,,hybrid_size,,72
SPHINCS+-SHA2-128s-simple,,,,,bound-attr/intact/hybrid_policy,,,verdict,,True
SPHINCS+-SHA2-128s-simple,,,,,bound-attr/intact/classical_policy,,,verdict,,True
SPHINCS+-SHA2-128s-simple,,,,,bound-attr/intact/openssl_legacy,,,verdict,,True
SPHINCS+-SHA2-128s-simple,,,,,bound-attr/intact/openssl_oqs,,,verdict,,True
SPHINCS+-SHA2-128s-simple,,,,,bound-attr/stripped/hybrid_policy,,,verdict,,False
SPHINCS+-SHA2-128s-simple,,,,,bound-attr/stripped/classical_policy,,,verdict,,True
SPHINCS+-SHA2-128s-simple,,,,,bound-attr/stripped/openssl_legacy,,,verdict,,True
SPHINCS+-SHA2-128s-simple,,,,,bound-attr/stripped/openssl_oqs,,,verdict,,True
SPHINCS+-SHA2-128s-simple,,,,,bound-digest/hybrid_cms_bytes,,,hybrid_size,,16919
SPHINCS+-SHA2-128s-simple,,,,,bound-digest/classical_only_cms_bytes,,,hybrid_size,,848
SPHINCS+-SHA2-128s-simple,,,,,bound-digest/pqc_attribute_total_bytes,,,hybrid_size,,16067
SPHINCS+-SHA2-128s-simple,,,,,bound-digest/pqc_attribute_overhead_bytes,,,hybrid_size,,16071
SPHINCS+-SHA2-128s-simple,,,,,bound-digest/pqc_signature_raw_bytes,,,hybrid_size,,7856
SPHINCS+-SHA2-128s-simple,,,,,bound-digest/pqc_public_key_raw_bytes,,,hybrid_size,,32
SPHINCS+-SHA2-128s-simple,,,,,bound-digest/pqc_certificate_der_bytes,,,hybrid_size,,8115
SPHINCS+-SHA2-128s-simple,,,,,bound-digest/ec_certificate_der_bytes,,,hybrid_size,,448
SPHINCS+-SHA2-128s-simple,,,,,bound-digest/ec_signature_der_bytes,,,hybrid_size,,71
SPHINCS+-SHA2-128s-simple,,,,,bound-digest/intact/hybrid_policy,,,verdict,,True
SPHINCS+-SHA2-128s-simple,,,,,bound-digest/intact/classical_policy,,,verdict,,False
SPHINCS+-SHA2-128s-simple,,,,,bound-digest/intact/openssl_legacy,,,verdict,,False
SPHINCS+-SHA2-128s-simple,,,,,bound-digest/intact/openssl_oqs,,,verdict,,False
SPHINCS+-SHA2-128s-simple,,,,,bound-digest/stripped/hybrid_policy,,,verdict,,False
SPHINCS+-SHA2-128s-simple,,,,,bound-digest/stripped/classical_policy,,,verdict,,False
SPHINCS+-SHA2-128s-simple,,,,,bound-digest/stripped/openssl_legacy,,,verdict,,False
SPHINCS+-SHA2-128s-simple,,,,,bound-digest/stripped/openssl_oqs,,,verdict,,False
